{
  "topMarkets": [
    { "name": "Chicago", "aliases": ["CHI"] },
    { "name": "Atlanta", "aliases": ["ATL"] },
    { "name": "Dallas", "aliases": ["DFW", "Dallas-Fort Worth", "Dallas Fort Worth"] },
    { "name": "Denver", "aliases": ["DEN"] },
    { "name": "Houston", "aliases": ["HOU"] },
    { "name": "Los Angeles", "aliases": ["LA", "L.A."] },
    { "name": "Miami", "aliases": ["MIA", "Miami-Fort Lauderdale", "Miami Fort Lauderdale"] },
    { "name": "New York", "aliases": ["NYC", "New York City", "NY"] },
    { "name": "Phoenix", "aliases": ["PHX"] },
    { "name": "Washington DC", "aliases": ["DC", "Washington", "Washington, DC", "Washington D.C."] }
  ],
  "allMarkets": [
    { "name": "Akron" },
    { "name": "Albany" },
    { "name": "Albuquerque" },
    { "name": "Allentown" },
    { "name": "Amarillo" },
    { "name": "Anaheim" },
    { "name": "Anchorage" },
    { "name": "Ann Arbor" },
    { "name": "Arlington" },
    { "name": "Augusta" },
    { "name": "Aurora" },
    { "name": "Austin" },
    { "name": "Bakersfield" },
    { "name": "Baltimore" },
    { "name": "Baton Rouge" },
    { "name": "Beaumont" },
    { "name": "Birmingham" },
    { "name": "Boise" },
    { "name": "Boston" },
    { "name": "Bridgeport" },
    { "name": "Brownsville" },
    { "name": "Buffalo" },
    { "name": "Cape Coral" },
    { "name": "Cedar Rapids" },
    { "name": "Chandler" },
    { "name": "Charleston" },
    { "name": "Charlotte" },
    { "name": "Chattanooga" },
    { "name": "Chesapeake" },
    { "name": "Cincinnati" },
    { "name": "Cleveland" },
    { "name": "Colorado Springs" },
    { "name": "Columbia" },
    { "name": "Columbus" },
    { "name": "Corpus Christi" },
    { "name": "Dayton" },
    { "name": "Des Moines" },
    { "name": "Detroit" },
    { "name": "Durham" },
    { "name": "El Paso" },
    { "name": "Eugene" },
    { "name": "Fayetteville" },
    { "name": "Fort Lauderdale" },
    { "name": "Fort Wayne" },
    { "name": "Fort Worth" },
    { "name": "Fresno" },
    { "name": "Frisco" },
    { "name": "Garland" },
    { "name": "Gilbert" },
    { "name": "Glendale" },
    { "name": "Grand Prairie" },
    { "name": "Grand Rapids" },
    { "name": "Greensboro" },
    { "name": "Greenville" },
    { "name": "Hampton" },
    { "name": "Hartford" },
    { "name": "Henderson" },
    { "name": "Hialeah" },
    { "name": "Honolulu" },
    { "name": "Huntington Beach" },
    { "name": "Huntsville" },
    { "name": "Indianapolis" },
    { "name": "Irvine" },
    { "name": "Irving" },
    { "name": "Jackson" },
    { "name": "Jacksonville" },
    { "name": "Jersey City" },
    { "name": "Kansas City" },
    { "name": "Knoxville" },
    { "name": "Lakewood" },
    { "name": "Lancaster" },
    { "name": "Laredo" },
    { "name": "Las Vegas" },
    { "name": "Lexington" },
    { "name": "Lincoln" },
    { "name": "Little Rock" },
    { "name": "Long Beach" },
    { "name": "Louisville" },
    { "name": "Lubbock" },
    { "name": "Madison" },
    { "name": "McAllen" },
    { "name": "McKinney" },
    { "name": "Memphis" },
    { "name": "Mesa" },
    { "name": "Milwaukee" },
    { "name": "Minneapolis" },
    { "name": "Mobile" },
    { "name": "Modesto" },
    { "name": "Montgomery" },
    { "name": "Moreno Valley" },
    { "name": "Murfreesboro" },
    { "name": "Nashville" },
    { "name": "New Haven" },
    { "name": "New Orleans" },
    { "name": "Newark" },
    { "name": "Newport News" },
    { "name": "Norfolk" },
    { "name": "North Las Vegas" },
    { "name": "Oakland" },
    { "name": "Oceanside" },
    { "name": "Oklahoma City" },
    { "name": "Omaha" },
    { "name": "Ontario" },
    { "name": "Orlando" },
    { "name": "Overland Park" },
    { "name": "Oxnard" },
    { "name": "Palm Bay" },
    { "name": "Palmdale" },
    { "name": "Pasadena" },
    { "name": "Paterson" },
    { "name": "Pembroke Pines" },
    { "name": "Peoria" },
    { "name": "Philadelphia" },
    { "name": "Pittsburgh" },
    { "name": "Plano" },
    { "name": "Pomona" },
    { "name": "Port St. Lucie" },
    { "name": "Portland" },
    { "name": "Providence" },
    { "name": "Provo" },
    { "name": "Raleigh" },
    { "name": "Rancho Cucamonga" },
    { "name": "Reno" },
    { "name": "Richmond" },
    { "name": "Riverside" },
    { "name": "Rochester" },
    { "name": "Rockford" },
    { "name": "Sacramento" },
    { "name": "Salem" },
    { "name": "Salt Lake City" },
    { "name": "San Antonio" },
    { "name": "San Bernardino" },
    { "name": "San Diego" },
    { "name": "San Francisco", "aliases": ["SF", "Bay Area", "San Francisco Bay Area"] },
    { "name": "San Jose" },
    { "name": "Santa Ana" },
    { "name": "Santa Clarita" },
    { "name": "Santa Rosa" },
    { "name": "Savannah" },
    { "name": "Scottsdale" },
    { "name": "Seattle" },
    { "name": "Shreveport" },
    { "name": "Sioux Falls" },
    { "name": "South Bend" },
    { "name": "Spokane" },
    { "name": "Springfield" },
    { "name": "St. Louis", "aliases": ["Saint Louis", "STL"] },
    { "name": "St. Paul", "aliases": ["Saint Paul"] },
    { "name": "St. Petersburg", "aliases": ["Saint Petersburg"] },
    { "name": "Stamford" },
    { "name": "Stockton" },
    { "name": "Sunnyvale" },
    { "name": "Syracuse" },
    { "name": "Tacoma" },
    { "name": "Tallahassee" },
    { "name": "Tampa" },
    { "name": "Tempe" },
    { "name": "Thornton" },
    { "name": "Toledo" },
    { "name": "Topeka" },
    { "name": "Torrance" },
    { "name": "Tucson" },
    { "name": "Tulsa" },
    { "name": "Vancouver" },
    { "name": "Virginia Beach" },
    { "name": "Waco" },
    { "name": "Warren" },
    { "name": "Waterbury" },
    { "name": "West Palm Beach" },
    { "name": "West Valley City" },
    { "name": "Westminster" },
    { "name": "Wichita" },
    { "name": "Wilmington" },
    { "name": "Winston-Salem" },
    { "name": "Worcester" },
    { "name": "Yonkers" },
    { "name": "Anaheim-Santa Ana" },
    { "name": "Antioch" },
    { "name": "Apple Valley" },
    { "name": "Arvada" },
    { "name": "Athens" },
    { "name": "Bellevue" },
    { "name": "Berkeley" },
    { "name": "Billings" },
    { "name": "Bloomington" },
    { "name": "Boca Raton" },
    { "name": "Boulder" },
    { "name": "Brockton" },
    { "name": "Broken Arrow" },
    { "name": "Burbank" },
    { "name": "Cambridge" },
    { "name": "Carmel" },
    { "name": "Carlsbad" },
    { "name": "Carrollton" },
    { "name": "Cary" },
    { "name": "Centennial" },
    { "name": "Chico" },
    { "name": "Chino" },
    { "name": "Chula Vista" },
    { "name": "Cicero" },
    { "name": "Clarksville" },
    { "name": "Clearwater" },
    { "name": "Clinton Township" },
    { "name": "Clovis" },
    { "name": "College Station" },
    { "name": "Concord" },
    { "name": "Coral Springs" },
    { "name": "Corona" },
    { "name": "Costa Mesa" },
    { "name": "Daly City" },
    { "name": "Dearborn" },
    { "name": "Denton" },
    { "name": "Downey" },
    { "name": "East Los Angeles" },
    { "name": "Edison" },
    { "name": "El Cajon" },
    { "name": "El Monte" },
    { "name": "Elgin" },
    { "name": "Elizabeth" },
    { "name": "Elk Grove" },
    { "name": "Escondido" },
    { "name": "Evansville" },
    { "name": "Everett" },
    { "name": "Fairfield" },
    { "name": "Fall River" },
    { "name": "Fargo" },
    { "name": "Flint" },
    { "name": "Fontana" },
    { "name": "Fort Collins" },
    { "name": "Fremont" },
    { "name": "Fullerton" },
    { "name": "Gainesville" },
    { "name": "Garden Grove" },
    { "name": "Gary" },
    { "name": "Glendale" },
    { "name": "Greeley" },
    { "name": "Green Bay" },
    { "name": "Haledon" },
    { "name": "Hayward" },
    { "name": "Hemet" },
    { "name": "High Point" },
    { "name": "Hillsboro" },
    { "name": "Hollywood" },
    { "name": "Inglewood" },
    { "name": "Joliet" },
    { "name": "Jurupa Valley" },
    { "name": "Kalamazoo" },
    { "name": "Kenosha" },
    { "name": "Killeen" },
    { "name": "Kissimmee" },
    { "name": "La Mesa" },
    { "name": "Lafayette" },
    { "name": "Lake Forest" },
    { "name": "Lakeland" },
    { "name": "Lansing" },
    { "name": "League City" },
    { "name": "Lewisville" },
    { "name": "Lowell" },
    { "name": "Macon" },
    { "name": "Manchester" },
    { "name": "Menifee" },
    { "name": "Merced" },
    { "name": "Meridian" },
    { "name": "Miami Beach" },
    { "name": "Miami Gardens" },
    { "name": "Midland" },
    { "name": "Miramar" },
    { "name": "Mission Viejo" },
    { "name": "Murrieta" },
    { "name": "Naperville" },
    { "name": "New Bedford" },
    { "name": "New Braunfels" },
    { "name": "Norman" },
    { "name": "North Charleston" },
    { "name": "North Port" },
    { "name": "Norwalk" },
    { "name": "Odessa" },
    { "name": "Ogden" },
    { "name": "Orem" },
    { "name": "Palm Coast" },
    { "name": "Pearland" },
    { "name": "Pharr" },
    { "name": "Plantation" },
    { "name": "Pompano Beach" },
    { "name": "Port Arthur" },
    { "name": "Pueblo" },
    { "name": "Quincy" },
    { "name": "Racine" },
    { "name": "Raleigh-Durham" },
    { "name": "Redding" },
    { "name": "Redlands" },
    { "name": "Redondo Beach" },
    { "name": "Redwood City" },
    { "name": "Renton" },
    { "name": "Rialto" },
    { "name": "Richardson" },
    { "name": "Rio Rancho" },
    { "name": "Round Rock" },
    { "name": "San Buenaventura" },
    { "name": "San Leandro" },
    { "name": "San Marcos" },
    { "name": "San Mateo" },
    { "name": "San Ramon" },
    { "name": "Sandy Springs" },
    { "name": "Santa Barbara" },
    { "name": "Santa Clara" },
    { "name": "Santa Cruz" },
    { "name": "Santa Maria" },
    { "name": "Santa Monica" },
    { "name": "Sarasota" },
    { "name": "Schaumburg" },
    { "name": "Scranton" },
    { "name": "Simi Valley" },
    { "name": "Sioux City" },
    { "name": "South Gate" },
    { "name": "Sparks" },
    { "name": "Spokane Valley" },
    { "name": "Sterling Heights" },
    { "name": "Sugar Land" },
    { "name": "Sunrise" },
    { "name": "Surprise" },
    { "name": "Temecula" },
    { "name": "Thousand Oaks" },
    { "name": "Tracy" },
    { "name": "Trenton" },
    { "name": "Troy" },
    { "name": "Tyler" },
    { "name": "Union City" },
    { "name": "Upland" },
    { "name": "Vacaville" },
    { "name": "Vallejo" },
    { "name": "Ventura" },
    { "name": "Victorville" },
    { "name": "Visalia" },
    { "name": "Vista" },
    { "name": "Waukegan" },
    { "name": "West Covina" },
    { "name": "West Jordan" },
    { "name": "Whittier" },
    { "name": "Wichita Falls" },
    { "name": "Woodbridge" }
  ]
}

